title,gnis_name,state,locatio
Parfrey Glen Dam,Pine River,WI,Richland Center, Wisconsin
Darby Borough Dam,Darby Creek,PA, 
Main Street Dam,East Branch Sebasticook River,ME, 
Axe Factory Dam,Fishing Creek,PA, 
Nashville Dam,Thornapple River,MI,Nashville, Michigan
Black Mud Waste Pond B Dam,,WA, 
Howard's Lake Dam,,OH, 
Ojai Valley Trail Ford,San Antonio Creek,CA, 
Bettinger Lower Reservoir Dam B,,AK, 
Davidson Ditch Diversion Dam,,AK, 
Bear Rock Run Dam 1,Bear Rock Run,PA, 
Martins Dam,Cocalico Creek,PA, 
Unnamed Dam #1,Houston Run,PA, 
Westinghouse Dam, Trafford Dam,,PA, 
Unnamed Dam,Jordan Creek,PA, 
Eel River Headwaters Restoration 4,,MA, 
Buck & Jones Diversion Dam,Little Applegate River,OR, 
Memory Estates Dam #1,,AK, 
Sutton Dam,,Ontario,Simcoe, Ontario, Canada
Pittsburgh Plate & Glass (PPG) Dam,North Branch Potomac River,MD, 
Welch Dam,Cannon River,MN, 
Columbia Falls Dam,Pleasant River,ME, 
Hillside Farm Dam,Avery Brook,VT, 
Amish Dam #7,Muddy Creek,PA, 
Embrey Dam,Rappahannock River,VA,Fredericksburg, Virginia
Phillipston Reservoir Dam #1,Mill Brook,MA, 
Whites Gulch Upper Dam,,, 
West Winfield Dam,Unadilla River,NY, 
Arase Dam,,,Kyushu, Japan
Altimus Dam,Hendricks Creek,PA, 
Knowles Dam,,WI, 
Acheys Mill Dam,,PA, 
Unnamed (Girl Scout) Dam,,PA, 
Beaver Pond Dam,Mendon Brook,VT, 
Main Street Dam,Scioto River,OH, 
Dip Creek Dam,Dip Creek,ID, 
Lake Hill Dam #1,,OH, 
Sherman Lake Dam,,ME, 
Fish Creek Dam,,WI, 
Vassar Dam,Cass River,MI, 
Iron Stone Mine Dam,Swatara Creek,PA, 
Hall Wines Dam,Dry Creek,CA, 
LaValle Dam,Baraboo River,WI,LaValle, WI
Union Dam,Patapsco River,MD, 
Thornhurst Country Club Dam,Pond Creek,PA, 
Bear Valley Dam,,CA, 
Riverton Dam,North Fork Shenandoah River,VA, 
Unnamed (Left mill race) Dam,,PA, 
Wildcat Dam,North Fork Battle Creek,CA, 
Unnamed (Nestle) Dam,,PA, 
Bellamy River Dam V,Bellamy River,NH, 
Lower Dam,Ox Pasture Brook,MA, 
Monsanto Dam #7,,TN, 
Upper Murphy Dam,,CA, 
Riegelsville Mill Dam,Musconetcong River,NJ, 
Main Street Dam,Rippowam River,CT, 
Quinn Dam,,VA, 
Martha Creek Dam,Martha Creek,WA, 
Crabapple Dam,,PA, 
Graceland Dam,Short Creek,PA, 
Kehly Run Dam No. 5,Kehly Run,PA, 
Eel River Headwaters Restoration 1,,MA, 
Zimmerman Dam,,PA, 
Bullfrog Valley Sediment Pond #1 Dam,,PA, 
Marshfield Lake Dam,Porter Creek,OH, 
Sprucedale Water Dam,Mill Brook,CT, 
Main Street Dam,Wolf Creek,PA, 
Colburn Mill Pond Dam,Colburn Creek,ID, 
Black Creek Middle Dam,Black Creek,PA, 
Hershey School Intake Dam,Spring Creek,PA, 
York Creek Diversion Structure,York Creek,CA, 
Gold Hill Dam,Rogue River,OR, 
Amish Dam #4,Muddy Creek,PA, 
Armitage Avenue Dam,Des Plaines River,IL, 
Unknown Name,,HI, 
Youngs Brook Dam,,VT, 
Afton Dam,Bass Creek,WI,Afton, Wisconsin
Murphy Dam,Little River,CT, 
Mussers Garp Dam,,PA, 
Cooke's Pond Dam,Hohokus Brook,NJ, 
Percolation Dam,,CA, 
Ontelaunee Orchards Dam,,PA, 
Teeswater Dam,,Ontario,Teeswater, Ontario, Canada
Simpson's Pond Dam,Wharton Brook,CT, 
Harmony Junction Dam,Connoquenessing Creek,PA, 
Josh Ames Diversion Dam,Cache la Poudre River,CO, 
Woolen Mills Dam,Milwaukee River,WI,West Bend, Wisconsin
Fairless Murray Dam,Slippery Rock Creek,PA, 
Archer's Mill Dam,Stetson Stream,ME, 
Glacier #1 Dam,,CO, 
Timber Creek Dam,Middle Fork Little Timber Creek,ID, 
Duck Marsh Pond No. 27 Dam,,PA, 
Valley View Dam,,PA, 
Kelly Branch Dam,,FL, 
Huntington Dam,Apple River,WI,New Richmond, Wisconsin
Corral Creek Dam,,OR, 
Henry Bridge Dam,Walloomsac River,VT, 
Upper Pamperin Park,Duck Creek,WI, 
Indian Rock Lake Dam,,MO, 
Misty Acres Dam,,MI, 
Castor Lake Dam,,LA, 
Goodwins Mill Dam,Big Canoe Creek,AL, 
Galeton Dam #2,,PA, 
Daniel Esh Dam,Mill Creek,PA, 
Hellberg's Dam,Conestoga River,PA,Leola, Pennsylvania
Nicodemus Dam,,PA, 
Woodley Dam (Ridler Dam),Apple River,WI, 
Cottingham Lake Dam,,OH, 
Thunder Brook Restoration Project,,MA, 
Upper Tigerton Dam,South Branch Embarrass River,WI, 
Token Creek Dam,Token Creek,WI,Token Creek, Wisconsin
Tokay Canal Dam,Jones Creek,OR, 
Three Bears Lake-East Dam,,MT, 
Picnic Area Dam,,VA, 
Sunbeam Dam,Salmon River,ID, 
Irving Mill Dam,Ridley Creek,PA, 
Funks Dam,Oconomowoc River,WI, 
Watervliet Diversion Dam,Paw Paw River,MI, 
Trout Haven Dam,Monkey Creek,CA, 
Little Sandy River Dam,Little Sandy River,OR, 
Ball Park Dam,Maunesha River,WI, 
Witman Dam,Furnace Creek,PA, 
John Dee's Dam,Mad River,CT, 
Lake Charles Dam,,VA,Charles City, Virginia
Pine Meadow Ranch Dam,,OR, 
Findley Run Dam,Findley Run,PA, 
Genesee Roller Mill Dam #2,Genesee Creek,WI, 
Lower Hurricane Reservoir,,, 
Carpenter Creek Dam,Carpenter Creek,WI, 
Roberts Street Dam,Raritan River,NJ, 
Trough Creek Dam,Great Trough Creek,PA, 
Boswell Dam,,PA, 
Centerville Dam,Centerville Creek,WI, 
Newport Remnant Dam,Clyde River,, 
Marshfield-8 Dam,Winooski River,VT, 
Vernon Springs Dam,Turkey River,IA, 
McClure Dam,Apple River,WI,Star Prairie, Wisconsin
Hamilton Mill Dam,Cedar Creek,WI, 
Frazee Mill Dam,Otter Tail River,MN,Frazee, Minnesota
Earl's Pond Dam,Eaton Brook,NY, 
Ramworks Dam,South River,VA, 
Dinner Creek Dam,Dinner Creek,OR,Cottage Creek, Oregon
Fredricksburg & Spotsylvania Dam #5 (Fariview Farm Pond),,VA, 
Steele's Mil Dam,Hitchcock Creek,NC,Cordova, North Carolina
Old Withers Dam,,PA, 
Rhawn Street Dam,Pennypack Creek,PA, 
Hayman Falls Dam,Embarrass River,WI, 
Upper Hurricane Reservoir,,, 
Shoops Dam,Middle Spring Creek,PA, 
Spoonville Dam,,CT, 
Berning Mill Dam,,MN, 
Oscada Dam,,OH, 
Warrenville Dam,West Branch Du Page River,IL, 
Chancellorsville Brygadier B Dam,Hunting Run,VA, 
Breakneck Brook Dam,Breakneck Brook,NY, 
Hoffman Park Dam,Darby Creek,PA, 
Ettrick Dam,North Fork Beaver Creek,WI,Ettrick, Wisconsin
Camp Nine Dam,Stanislaus River,CA, 
North Manchester Dam,Eel River,IN, 
Hoffman Dam,Yellow Breeches Creek,PA, 
LeFever Powerhouse Dam,Cuyahoga River,OH,Chagrin Falls, Ohio
Sharpsburgh Reservoir Dam,Little Flat Creek,KY, 
Smucker Dam,Groff Run,PA, 
Cox Creek Dam,Cox Creek,OR, 
Ashton Dam #1,,, 
West Milton Dam,Stillwater River,OH, 
Growden Dam,Sherman Creek,WA, 
Byrne Diversion Dam,Beaver Creek,OR, 
Howell Dam,,PA, 
Alamo Arroyo Dam,,TX, 
Heart Break Dam,,OH,northern Ohio
Chilligo Dam,,Ontario,Cambridge, Ontario, Canada
East Machias Dam,East Machias River,ME, 
Upper Swepsonville Dam,Haw River,NC, 
Dundaff Dam,Dundaff Creek,PA, 
German Farm Dam,Auglaize River,OH,Delaware, Ohio
Eblen-Powell Dam #1,Ollis Creek,TN, 
Taylor Dam,Birch Creek,OR, 
Bear Run Upper Dam,Bear Run,PA, 
Woodings Pond Dam,,CT, 
SunRay (Hospital) Dam and unnamed remnant,Conewango Creek,PA, 
Ceresco Dam,Kalamazoo River,MI, 
Lyndon State College Lower Dam,,VT, 
Unnamed Dam,,PA, 
New Jersey No Name # 126 Dam,,NJ, 
Greenfield Dam,,Ontario,Greenfield, Ontario, Canada
Readstown Dam (Fowell Dam),Kickapoo River,WI,Readstown, Wisconsin
Lower Montsweag Dam,Montsweag Brook,ME, 
Browns Pond - Cruzen,Lake Fork,, 
Prairie Dells Dam,Prairie River,WI, 
Fredricksburgh Milstead A Dam,Massaponax Creek,VA, 
Cahill Dam,Branciforte Creek,CA, 
Sharrer's Mill Dam,Conewago Creek,PA, 
Whitehall Dam,Trempealeau River,WI,Whitehall, Wisconsin
Ballard Mill Mine Dam,,TN, 
Shealy's Pond Dam,,SC, 
Martin Brook Upper Dam,Martin Brook,ME, 
Nevius Street Dam,Raritan River,NJ, 
Amish Dam #5,Muddy Creek,PA, 
Burt Lake Dam,,OH, 
Willever Lake Dam,Pohatcong Creek,NJ, 
Mitchell Dam,Bear River,MI, 
Churchill Woods,East Branch Du Page River,IL, 
Vaux #2 Dam,Lone Tree Creek,MT, 
Waubeka Dam,Milwaukee River,WI, 
Lake Bettinger Complex Dam,,AK, 
Rockford Dam,Shell Rock River,IA, 
Wolf Mill Dam,Logan Spring Run,PA, 
Upper Grove City Dam,Wolf Creek,PA, 
Liberty Mills Dam,,IN, 
Baldwin Creek Dam 3,Baldwin Creek,OH, 
Grayling Dam,Au Sable River,MI, 
Buck Street Dam,Suncook River,NH, 
Rush Brook Dam,Rush Brook,PA, 
Chair Factory Dam,Milwaukee River,WI, 
Lowell Dam,Little River,NC,North Carolina
Red Mill Dam,Batten Kill,VT, 
Mt. Penn #3 Dam,,PA, 
McGaheysville Dam,South Fork Shenandoah River,VA, 
Pomeroy Memorial Dam,West Branch Sugar Creek,PA, 
Munroe Falls Dam,Cuyahoga River,OH,Munroe Falls, Ohio
Bangor Dam,Penobscot River,ME, 
Eagle Lake Dam,Summit Brook,NY, 
Maiden Dam,Touchet River,WA, 
Bendigo State Park Dam,East Branch Clarion River,PA, 
Araujo Dam,Shasta River,CA, 
Unnamed Blockage #3 (Diffusion Dam 4),,WA, 
Plymouth Crossing Dam,Wissahickon Creek,PA, 
Dead Lakes Dam,,FL,Wewahitchka, Florida
Welfare Dam,Paddy Run,PA, 
Frankford Dam,Pennypack Creek,PA, 
Freedom Park Dam,,NC, 
Byrnes Mill Dam (Dam No. 1),White Clay Creek,DE, 
Unnamed Dam,Clarion River,PA, 
Poplar Dam,Poplar River,WI, 
Twining Valley Golf Course Dam,Pine Run,PA, 
Glines Canyon Dam,Elwha River,WA,Olympic National Park, Washington
Puddin Head Dam,,FL, 
Port Arthur Dam,Flambeau River,WI, 
Lake Success Dam,,NJ, 
Dutiel Pond Dam,,OH, 
Stronach Dam,Pine River,MI,Manistee, Michigan
Picric Dam,Driftwood Branch Sinnemahoning Creek,PA, 
Sandy River Delta Dam,,OR, 
Stone Gate Park #1 Dam,Waubonsie Creek,IL, 
Reading Museum Dam #1,Wyomissing Creek,PA, 
Wild Lands Conservancy Dam,Little Lehigh Creek,PA, 
Coal Creek Dam #4,Coal Creek,PA, 
Silver Springs Dam #1,Mill Creek,WI, 
Lower Eddy Pond Dam,Mussey Brook,VT, 
No Name Dam #45,,SD, 
Wind River Dam,Wind River,WA, 
Creek Bend Dam #1,,IL, 
Maple Hollow Reservoir Dam (Ducansville Reservoir),Gillans Run,PA, 
Felix Dam,Schuylkill River,PA, 
Wetmore Run Dam,Wetmore Run,PA, 
Quasqueton Dam,Wapsipinicon River,IA, 
Pinney Hollow Brook Dam,Pinney Hollow Brook,VT, 
Reedsville Milling Company Dam,Tea Creek,PA,Reedsville, Pennsylvania
Wacousta Dam,Looking Glass River,MI,Grand Ledge, Michigan
Hostler Creek Dam,Hostler Creek,CA, 
Brown's Mill Dam,East Fork Stones River,TN, 
Union Village Dam,Branch River,NH, 
Occidental Chem Pond Dam D,,TN, 
Unnamed Dam,Doe Run,PA, 
M Seeman Dam,,NY, 
Wolf Lake Dam,Conococheague Creek,PA, 
Eel River Headwaters Restoration 7,,MA, 
Butternut Pond Dam,Butternut Brook,NH, 
Glenwood Dam,Mill Creek,PA, 
Crantock Mill Dam,Middle Creek,NC, 
Derry Run Basin C Dam,,PA, 
Hoffman Duffy Dam,John Hoffman Reservoir,ID, 
Winchester Dam,Ashuelot River,NH, 
Winnicut River Dam,,NH, 
Curtis Pond Dam,,MA, 
Marvel Slab Dam,Cahaba River,AL, 
Somerset Dam,Apple River,WI,Somerset, Wisconsin
Binky Lee Preserve Dam,,PA, 
Schweitzer Dam,Cedar Creek,WI, 
Brantley Dam,Dan River,VA, 
Black Earth Dam,Black Earth Creek,WI,Mazomanie, Wisconsin
Kuba Dam,,,Kopmanholmen, Sweden
Dutch Flat Dam,West Fork Little Bear Creek,ID, 
Bear Creek Dam #3,Bear Creek,CA, 
Cedar Ck Dam #1,Cedar Creek,PA, 
Watts Lake Dam,,, 
Off Billington Street Dam,Town Brook,MA, 
Duck Pond Dam,Muddy Creek,PA, 
Carding Mill Dam,,MA, 
Potagannissing Dam,,MI, 
Pear Lake Dam,,CO, 
Upper Cook's Canyon Dam,Galloway Brook,MA, 
New Way Dam,,MA, 
Gin House Lake Dam,Adkinson Creek,TN, 
Canaan Lake Outlet Dam,Old Stream,ME, 
Bluebird Dam,,CO, 
Sodom Dam,Sodom Ditch,OR,Lebanon, Oregon
Unnamed (Glade Run) Dam,,PA, 
Intake Dam,Little Shickshinny Creek,PA, 
Jackson Street Dam,Bear Creek,OR, 
Watervliet Spillway Dam,,MI, 
Hoeft Dam,Birch Creek,OR, 
Dewey No. 1,,CO, 
Hammer Creek Dam,Hammer Creek,PA,Lititz, Pennsylvania
Spring Creek Inc. Dam,Fourmile Creek,PA, 
Kentchurch Dam,,,Kentchurch, Whales
Patex Pond Dam,,NJ, 
Service Water Dam,Mahoning Creek,PA, 
Bartlett Pond Dam,,MA, 
Memory Estates Dam #2,,AK, 
Lewis Mill Dam,East Branch Brandywine Creek,PA, 
International Paper Co. Dam No. 2,,MA, 
Nelsonville Dam,Tomorrow River,WI,Nelsonville, Wisconsin
Grand River Dam,,WI, 
White Clay Creek 1,White Clay Creek,PA,Chester County, Pennsylvania
Ward Dam,Smithtown Creek,PA, 
Kehly Run Dam No. 2,Kehly Run,PA, 
Unnamed Dam #2 (Lithia Park Dam 2),Ashland Creek,OR, 
Sheraton Mill Dam,Cuyahoga River,OH, 
Hawkesville Dam,,Ontario,Hawkesville, Ontario, Canada
Eaton-Dikeman Dam,Mountain Creek,PA,Cumberland County, Pennsylvania
Savan Dam,Little Mahoning Creek,PA, 
Gray Reservoir Dam,Black Creek,NY, 
Meyer Dam,Mullet River,WI, 
Cijiawan #1 Dam,,,Shei-Pa National Park, Taiwan
Monsanto Dam #5A,,TN, 
South Sand Lake Dam,,TX, 
Childsdale Dam,Rogue River,MI, 
No Name Dam at State Road 11-58,Long Branch of Island Creek,SC, 
Billington Street Dam,Town Brook,MA, 
YWCA Dam,Brewster Creek,IL, 
Lake Crawford Dam,Bozle Creek,NE, 
Powerdale Dam,Hood River,OR, 
Pole Branch Dam,Pole Branch,SC, 
Toronto Band Father's Lake Dam,Town Fork,OH, 
Sultan Mill Pond Dam,,WA, 
Dam #1,Des Plaines River,IL, 
Finesville Dam,Musconetcong River,NJ, 
Fort Edward Dam,Hudson River,NY, 
Charming Forge Dam,Tulpehocken Creek,PA, 
Englewood Recreation Dam,Stillwater River,OH, 
Sandbeach Lake Dam,,CO, 
Creek Bend Dam #2,,IL, 
Zemko Dam,East Branch Eightmile River,CT,Salem, Connecticut
Paragon Dam,,RI, 
Robert Thomason Pond Dam,Stoddard Creek,SC, 
Unnamed Dam,Royal River,ME, 
Upper IPC Dam,Newfound River,NH, 
Cherry Hospital Dam,Little River,NC,Goldsboro, North Carolina
Atlas Dam,Hokendauqua Creek,PA, 
Peabody #1A Dam,,IL, 
James Ford's Dam,Pequea Creek,PA, 
Kaoshan Stream Dam 4,,,Shei-Pa National Park, Taiwan
Island Woolen Co. Dam,Baraboo River,WI,Baraboo, Wisconsin
Mill Dam,East Branch Sebasticook River,ME, 
Bullfrog Valley Sediment Pond #2 Dam,,PA, 
HJFD10,,CA, 
Karpel Dam,,NY, 
Shiffer's Mill Dam,Wiconisco Creek,PA, 
Franklin Dam,Cedar Creek,WI, 
Cove Dam,Bear River,ID, 
American Legion Pool Dam,Canasawacta Creek,NY, 
Red Shale Dam,Red Shale Brook,PA, 
Elm Street Dam,Battle Creek,MI, 
Minnie Reeves Dam,Indian Creek,CA, 
Cities Service Company Dam,,TN, 
Unnefors Dam,,,Southern Sweden
Upper Nemahbin Roller Mill Dam,Bark River,WI, 
Woodside Dam 1,Twelvemile Creek,SC,Pickens County, South Carolina
Upper Poplar Run Reservoir Dam,Poplar Creek,PA, 
Dimondale Dam (Wilson Dam),Grand River,MI, 
Waterworks Dam,Baraboo River,WI,Baraboo, Wisconsin
St. John's Dam,Sandusky River,OH,Seneca County, Ohio
Lloydell Reservoir Dam,South Fork Little Conemaugh River,PA, 
Camp Meeker Dam,Dutch Bill Creek,CA, 
Unnamed Dam (Camp Miakonda Dam),Ottawa River,OH, 
Mill Dam,Sedgeunkedunk Stream,ME,Brewer, Maine
Silver Spring Dam,Trindle Spring Run,PA, 
Aquatic Center Pond Dam,Lane Drain,MI, 
Beaver Lake Dam,,NH, 
Baldwin Creek Dam 2,Baldwin Creek,OH, 
Reedsburg Dam,Baraboo River,WI,Reedsburg, Wisconsin
Oak Street Dam,Baraboo River,WI,Baraboo, Wisconsin
Lower Pamperin Park Dam,Duck Creek,WI, 
Otter Tail Power Dam (AKA Crookston Dam #2),Red Lake River,MN, 
Rhone Poulenc Dam #20,,TN, 
Mystic Lake Dam,,MT,Fishtail, Montana
Gokreung Dam,,,Bukhansan National Park, Korea
Berwinsdale Dam,North Witmer Run,PA, 
Bruton Dam,Taneum Creek,WA, 
Sunol Dam,Alameda Creek,CA, 
East Pittsford Dam,,, 
Rutan Dam,Anguilla Brook,CT, 
Rose Hill Intake Dam,Kettle Creek,PA, 
HJFD7,,CA, 
Shultz Grist Mill Dam,Big Beaver Creek,PA,Lancaster County, Pennsylvania
Fletchers Mill Dam,Thornton River,VA, 
Hammer Diversion Dam,South Fork Cottonwood Creek,CA, 
Silver Creek Dam,Silver Creek,OH, 
Sturgeon River Dam,Sturgeon River,MI, 
Vincent Dam,Schuylkill River,PA, 
Deep Hollow Creek Dam,,PA, 
Forney Ridge Dam,Forney Creek,NC, 
McCormick-Saeltzer Dam,,CA,Redding, California
Pittinger Dam,,OH, 
Freeport Dam,Coldwater River,MI, 
New Fane Dam,East Branch Milwaukee River,WI, 
Kehly Run Dam No. 6,Kehly Run,PA, 
Pulcifer Dam,Oconto River,WI, 
Goldsborough Dam,Goldsborough Creek,WA, 
Lindernam Dam,Teton River,, 
Bartlett Rod Shop Co. Dam,,MA, 
Rounick Pond Dam,,PA, 
Unnamed Dam #1 (Lithia Park Dam 1),Ashland Creek,OR, 
Sawmill Pond Dam,,MA, 
Lost Man,Lost Man Creek,CA,Redwood National Park, California
Valley Creek 1,Valley Creek,PA,Valley Forge National Historical Park, Pennsylvania
Raymond Brook Pond Dam,Raymond Brook,CT, 
Boulder Creek "lower dam",Boulder Creek,WI,Boudler Creek, Wisconsin
Lemonweir Dam,Lemonweir River,WI,Lemonweir, Wisconsin
Rockland Dam,North River,VA, 
Wrubel Swimming Pool Dam,Cresskill Brook,NJ, 
Low Dam Removal,,OR, 
Commodore Dam,,PA, 
Brush Dam,,UT, 
Lorimer Park Dam,Pennypack Creek,PA, 
Three Bears Lake-West Dam,,MT, 
Wanamie Dam,,PA, 
Newport No. 11 Dam,Clyde River,VT, 
Lochner Dam,Smithtown Creek,PA, 
Plymouth Dam,Schuylkill River,PA, 
Appleton Mill Dam,Pomme de Terre River,MN,Appleton, Minnesota
Kaoshan Stream Dam 1,,,Shei-Pa National Park, Taiwan
Haley Dam,,MI, 
Simkins Dam,Patapsco River,MD,Ellicott City, Maryland
White Hall Dam,Little Falls,MD, 
Manitowoc Rapids Dam,Manitowoc River,WI, 
Lake Florence Dam (Stewartville Dam),,MN, 
West Winterport Dam,Marsh Stream,ME, 
Fisher Dam,Pequea Creek,PA, 
Sterling Lake Dam,Duffield Run,NJ, 
Lower Currier Creek Fish Passage and Habitat Restoration,Reecer Creek,WA, 
Clifford Branch Dam,,MD, 
Randall Dam,Coldwater River,MI,Union City, Michigan
Boulder Creek "upper dam",Boulder Creek,WI,Boudler Creek, Wisconsin
Dillsboro Dam,Tuckasegee River,NC,Jackson County, North Carolina
Antelope Creek Dam (Schramm Dam),Antelope Creek,ND, 
Unnamed Remnant Dam,Sunday River,ME, 
Hilsboro Lake Park Dam,,TX, 
Fife Creek Check Dam,Fife Creek,CA, 
Sooy Lake Dam,South Branch Burrs Mill Brook,NJ, 
Broome Corporate Park Pond Dam #1,,NY, 
Champlin Pond Dam #1,Clark Brook,NH, 
Fossil Creek Dam,Fossil Creek,AZ,Strawberry, Arizona
Colt Dam,Knife River,, 
Seber Dam,Musconetcong River,NJ, 
Smith Dam,,PA, 
Milan Wildlife Area Dam,Huron River,OH, 
Woods Creek Dam,Woods Creek,WI, 
Idylwilde Dam,,CO, 
Amish Dam #2,Muddy Creek,PA, 
Greenwood Dam,Black River,WI, 
Behrend Capped Waterfall Dam,Fourmile Creek,PA, 
L'Anse Dam,Falls River,MI,Baraga Co, Michigan
Lower Shannock Falls Dam,Pawcatuck River,RI, 
Kenosha Country Club Dam,Pike River,WI, 
Conewango Dam,Conewango Creek,PA, 
Manners Run Dam,,PA, 
Lion Creek Diversion Dam,,CA, 
Box Elder Creek Dam,,UT, 
Jones Lake Dam,Ogg Creek,OH, 
Garthridge Dam,Muddy Creek,PA,southeastern Pennsylvania
Bearfoot Lake Dam,,TX, 
Furnace Creek Dam,Furnace Creek,PA, 
SH Dam,Tongue River,MT, 
Father John's Lane Dam,,NJ, 
Alkire Lake Dam,,MO, 
Fibron Trout Pond Dam,Anguilm Creek,MI, 
Moline Middle City Lake Dam,Wildcat Creek,KS, 
Wonewoc Dam,Baraboo River,WI,Wonewoc, Wisconsin
Barnitz Mill Dam,Yellow Breeches Creek,PA, 
Saucon Park Dam,Saucon Creek,PA, 
Darrington Water Works Dam,,WA, 
Cross Plains Dam,Black Earth Creek,WI,Cross Plains, Wisconsin
Eagle & Phenix Dam,Chattahoochee River,GA, 
Young's Dam,,PA, 
Dam #1,,WI, 
Masonic Home Dam,Conoy Creek,PA,Elizabethtown, Pennsylvania
Wing Park Dam,Tyler Creek,IL, 
Amish Dam #1,Muddy Creek,PA, 
Farmingdale Dam,,SD, 
McCabe Golf Course Dam,Richland Creek,TN, 
Great Works Dam,Penobscot River,ME, 
Jonesville Millpond Dam,Saint Joseph River,MI, 
Cox Brook Dam,Cox Brook,VT, 
Yorktowne Paper Dam,Mill Creek,PA, 
Knox Hill Dam,,NJ, 
Harpeth River Dam,Harpeth River,TN, 
McArthur Road Dam,Jordan Creek,PA, 
Mill Creek Settling Basin Dam,Mill Creek,WA, 
Forge Pond Dam,,MA, 
Shissler Dam,Bennett Run,PA, 
Carbonton Dam,Deep River,NC,Sanford, North Carolina
Lower Sedgeunkedunk Dam,Sedgeunkedunk Stream,ME, 
Calvert Hurdle Park Dam,Stony Creek,PA, 
Eel River Headwaters Restoration 5,,MA, 
Franconia Paper Co. Dam,Wells River,VT, 
Good Hope Mill Dam,Conodoguinet Creek,PA,Cumberland County, Pennsylvania
Yankee Lake Dam,Yankee Run,OH, 
Bodine Pond Dam,,NJ, 
Robbins Dike Dam,,MA, 
Groton Dam (Sanville Dam),Wells River,VT, 
Wittlinger Dam,Yellow Breeches Creek,PA, 
Ashworth Lake Dam,,OH, 
Rex Tannery Dam,,NH, 
Smelt Hill Dam,Presumpscot River,ME, 
Colfax Dam,Eighteenmile Creek,WI, 
Crowningshield Dam,,NY, 
Okehocking Preserve Dam,Ridley Creek,PA, 
Cascade Dam,North Branch Clinton River,MI, 
Han Maum Dam,,PA, 
Salling Dam,Au Sable River,MI,Grayling, Michigan
Big Spring Run 1,,PA,
Unnamed Dam,Kishacoquillas Creek,PA, 
Southern Sweden 01,,,Southern Sweden
Clark's Mill Dam,Hatton Creek,WI, 
Upper Hathaway Brook Dam,Hathaway Brook,MA, 
Colfax Light Power Dam,Red Cedar River,WI, 
Robin Hood Bridge Dam,Little Lehigh Creek,PA, 
Washburn Mill Pond Dam,Salmon Brook,ME, 
Upper Waterloo Dam,Maunesha River,WI,Waterloo, Wisconsin
Mossy Creek Dam,Mossy Creek,VA, 
Zell Dam,Walla Walla River,OR, 
McDowell Grove Dam,West Branch Du Page River,IL, 
Merrimack Village Dam,Souhegan River,NH,Merrimack, New Hampshire
Smitherman's Dam,Little River,NC, 
Hall Brook Dam,,MA, 
Pursel's Mill Dam,Lopatcong Creek,NJ, 
Mast Point Dam,Salmon Falls River,ME, 
Unnamed (PennDOT) Dam,Fishing Creek,PA, 
Kehly Run Dam No. 3,Kehly Run,PA, 
Unnamed Dam #1 (Lamborn No 1),,CO, 
Kaoshan Stream Dam 2,,,Shei-Pa National Park, Taiwan
Rock Creek Dam,,OR, 
Ben's Creek Intake Dam,,PA, 
Oslo Dam,Manitowoc River,WI, 
Diverting Dam,Coal Creek,PA, 
Monsanto Dam #9,,TN, 
Black Mud Waste Pond C Dam,,WA, 
Chancellorsville Brygadier A Dam,Hunting Run,VA, 
Bigby Dam,Bigby Creek,PA, 
Boyce Pond Dam/Horseshoe Pond Dam,,NH, 
Rosegarden Dam,Yellow Breeches Creek,PA, 
Fossil Creek Diversion Dam,Fossil Creek,AZ, 
TCFD7,,CA, 
Deerskin Dam,Deerskin River,WI, 
Lime Kiln Dam,Milwaukee River,WI, 
Silk Mill Dam,Yokum Brook,MA, 
Mellen Waterworks Dam,City Creek,WI, 
Swett Brook Dam,Swell Brook,ME, 
Horse Creek Dam,,CA, 
Cleversburg Water Supply Dam,Burd Run,PA, 
Dalewood Dam,,, 
Unnamed Dam,,NC, 
Wolf Park Dam,Alum Creek,OH, 
Packerton Dam,Beaver Run,PA, 
Brown Pond Dam,,FL, 
Dorney Park Dam,Cedar Creek,PA, 
Tannery Creek Dam,,MI, 
Lewiston Dam,Clearwater River,ID,Lewiston, Idaho
Farmers Ditch Irrigation Dam,Little Applegate River,OR, 
Lower Poplar Run Reservoir Dam,Poplar Creek,PA, 
Unnamed Irrigation Pushup Dam (Krouse-Haggar Push-up Dam),Applegate River,OR, 
Manchester Mill Dam,Grand River,WI, 
Coal Creek Dam #3,Coal Creek,PA, 
Milltown Dam,Clark Fork,MT,Missoula, Montana
Beardsley Lake Dam,,WI, 
Stearns Dam,Crooked River,OR, 
TCFD11,,CA, 
Pearl Lake Brook Dam,Pearl Lake Brook,NH, 
Groton-9 Dam,Wells River,, 
Consol/Burning Star 5/20 Dam,,IL, 
West Henniker Dam,Contoocook River,NH, 
Orienta Falls Dam,Iron River,WI, 
Harpham Dam,,OH,Toledo, Ohio
Croton Dam,,Ontario,Delhi, Ontario, Canada
Hinkletown Mill Dam,Conestoga River,PA,Lancaster County, PA
Switzer Two Dam,,AK, 
State Route 800 Dam,,OH, 
Lake Placid Village Dam,Chubb River,NY, 
LaSalle Dam,Great Chazy River,NY, 
Glenbrook Gulch Dam/ Anadromous Fish Habitat Restoration,,CA, 
Lowe Creek 2 Dam,Lowe Creek,WI, 
Barlin Dam,,,Northern Central Taiwan
Hillburn Reservoir Dam,,NY, 
Ryerson Dam,Des Plaines River,IL, 
Newbold Diversion Dam,Gros Ventre River,WY, 
Mastrine Pond Dam,,OH, 
Campbellsport Millpond Dam,Milwaukee River,WI, 
Denlinger's Mill Dam,,PA,Millersville, Pennsylvania
Dunlop Creek Dam,Dunlap Creek,WI, 
Colonial Industrial Quarter Dam,Monocacy Creek,PA, 
Klondike Dam,Big Sioux River,IA, 
Union Brook Dam,Union Brook,VT, 
Chiloquin Dam,Sprague River,OR,Chiloquin, Oregon
D.B. Fields/Johnson Dam,Rice Creek,CA, 
Rexmont Dam #2,,PA, 
Fullenkamp Property,,NJ, 
Quaker Neck Dam,,NC,Goldsboro, North Carolina
Lower Hathaway Brook Dam,Hathaway Brook,MA, 
Jansen Road Dam,,NY, 
Indian Lake Dam,Indian River,CT, 
Dauberville Lake Dam,,PA, 
Upper Blue Mountain Dam,,NJ, 
Evans Pond Dam,Rathbone Creek,WI, 
Reading Museum Dam #2,Wyomissing Creek,PA, 
Piffer Dam,,PA, 
Heilman Dam,Mahoning Creek,PA, 
American Paper Products Dam,Conestoga River,PA, 
Luxton Lake Dam,Tenmile River,NY, 
Four Hill Flowage Dam,,WI, 
Stone Gate Park #2 Dam,,IL, 
Brown Bridge Dam,Boardman River,MI, 
Woolen Mills Dam,Rivanna River,VA,Charlottesville, Virginia
Old Berkshire Mill Dam,,MA, 
Lakewood Retreat Dam,,PA, 
Geises Dam,,PA, 
Unnamed Dam,Uchee Creek,AL, 
Fort Covington Dam,Salmon River,NY,northern New York
Dream Lake Dam,Hot Springs Creek,CA,Lassen Volcanic Park, California
Helfrich Springs Dam,Jordan Creek,PA, 
Foster Dam,Little Miami River,OH, 
HJFD8,,CA, 
Mumford Dam,Russian River,CA, 
Bradys Lake Dam,Lehigh River,PA, 
Duck Marsh Pond No. 26 Dam,,PA, 
Galeton Dam #1,Wetmore Run,PA, 
E-13 RESERVOIR,,HI, 
Chico Creek Instream Habitat Restoration,Chico Creek,WA, 
Packsaddle Dam,North Fork Packsaddle Creek,ID, 
Lower Saucon Sportsmens Association Dam,Saucon Creek,PA, 
Monsanto Dam #4,,TN, 
Mussers Dam,Middle Creek,PA, 
Lake Poco Dam,,PA, 
Wellingsly Dam #1,,MA, 
Troy Dam No. 1,Densons Creek,NC, 
Blackberry Creek Dam,Blackberry Creek,IL, 
Ohio Power Company Pond Dam,,OH, 
Big Spring Dam,,WI,Briggsville, WI
Lassiter Mill Dam,Uwharrie River,NC, 
Unnamed (Witman) Dam,Furnace Creek,PA, 
Goldsboro Dam,Fishing Creek,PA, 
Hemlock Dam,North Branch Oconto River,WI, 
Carr Lake Dam,,OH, 
Rakes Pond Dam,Pond Creek,PA, 
Rolling Rock Dams (9 small dams),Rolling Rock Creek,PA, 
Atlas Mineral Dam,,UT, 
Marie Dorian Dam,Walla Walla River,OR, 
Wisconsin Lutheran Seminary Dam,,WI, 
West Leechburg Dam,,PA, 
Madison Electric Dam,Sandy River,ME, 
Amish Dam #6,Muddy Creek,PA, 
Fair Haven Lake Dam,,OH, 
Prairie Creek Dam,Prairie Creek,MI, 
Stevensville Brook Dam,Stevensville Brook,VT, 
Dam #2,Des Plaines River,IL, 
Cross Dam,Brookhouser Creek,PA, 
Edwards Dam,Kennebec River,ME,Augusta, Maine
Genesee Roller Mill Dam #1,Genesee Creek,WI, 
Meadow Run Dam,Meadow Run,PA, 
TCFD9,,CA, 
Miller Trust Pond Dam,,SC, 
Unnamed Blockage #1 (Diffusion Dam 2),,WA, 
H and H Feedlot Dam,Cottonwood Creek,TX, 
Palmerton Dam,Lehigh River,PA, 
Highrock Dam,Muddy Creek,PA,southeastern Pennsylvania
Lower Little Pond Dam,,NY, 
Wasman Dam,Brush Creek,MI, 
HJFD9,,CA, 
Durham Dam,Cooks Creek,PA, 
Briggsville Dam,,MA, 
Platts Mill Dam,Naugatuck River,CT, 
Castleview Lower Dam,,PA, 
Kirkley Pond Dam,Little Sandy Creek,SC, 
Smyrna Dam (Tebbles Dam),Flat River,MI,Belding, Michigan
Amish Dam #3,Muddy Creek,PA, 
Central Sweden 01,,,Central Sweden
Alphonso Dam,Evans Creek,OR, 
Green Lane Dam,Yellow Breeches Creek,PA, 
Planing Mill Dam,Waupaca River,WI, 
Newburg Dam,Milwaukee River,WI, 
Mill Pond Dam,Third Herring Brook,MA, 
Snavley's Mill Dam,Fishing Creek,PA,Bloomsburg, Pennsylvania
Dam #2,,WI, 
Willow Falls Dam,Willow River,WI,Hudson, Wisconsin
Millmont Dam,,PA, 
Hackenberg Dam,Strodes Run,PA, 
Gunpowder Paper Mill Dam (Hoffman Paper Mill Dam),Gunpowder Falls,MD,Parkton, Maryland
Two Mile Dam,Santa Fe River,NM, 
Morgan Dam,High Bank Creek,MI, 
Murphy Creek Dam,Murphy Creek,CA,San Joaquin County, California
Unexpected Road Dam,,NJ, 
Wright Dam,Mill Creek,OR, 
Freight Street Dam,Naugatuck River,CT, 
Spring Dam,Pennypack Creek,PA, 
Condit Dam,White Salmon River,WA,Washington
Unnamed ford (Road 5440),Independence Creek,ID, 
Norwich Reservoir Dam,Charles Brown Brook,VT, 
Air Force Dam,Silver Lead Creek,MI, 
Nidelva River Dam 1, Nidelva River Dam 2,,,Grimstad, Norway
Walkers Dam,,TN, 
Elk Creek Dam,Elk Creek,OR, 
Big Rapids Dam,Muskegon River,MI, 
Golf Course Dam,,IL, 
Fort Halifax Dam,Sebasticook River,ME, 
Vaux #1 Dam,Lone Tree Creek,MT, 
Ash Bear Pen Dam,,NC, 
Crystal Springs Dam,,PA, 
Panhandle Road Dam,Olentangy River,OH, 
Old Furnace Dam,Blacklog Creek,PA, 
Beiler Dam,,PA, 
Collegeville Dam,,PA, 
McCoy-Linn Dam,Spring Creek,PA, 
Gruendyke Mill Dam,Musconetcong River,NJ, 
Sumner Dam,Gulph Creek,PA, 
Stimson Dam (AKA Bonner Dam),Blackfoot River,MT, 
Heads Pond Dam,Browns Brook,NH, 
Buster Lake Dam,Garden Creek,ID, 
Dennison Dam,Olentangy River,OH, 
Muren's (Seitzville Mill) Dam,South Branch Codorus Creek,PA, 
Woodside Dam 2,Twelvemile Creek,SC,Pickens County, South Carolina
Bonde Weir,San Francisquito Creek,CA, 
Bailey Dam,,PA, 
Williamsburg Station Dam,Frankstown Branch Juniata River,PA,Williamsburg, Pennsylvania
Sixmile Creek Pond Dam,Sixmile Creek,MI, 
Altapass Dam,Roses Creek,NC, 
Williamsport Dam,,OH,Delaware, Ohio
Union City Dam,Naugatuck River,CT,Naugatuck, Connecticut
Young America Dam,Milwaukee River,WI, 
Leeson Park Dam,Spring Brook,WI, 
Norristown Farm Park Dam,Stony Creek,PA, 
Kehly Run Dam No. 4,Kehly Run,PA, 
Hersey Dam,Hersey River,MI,Hersey, Michigan
Big Run Park Dam,Big Run,PA, 
Jackson Pond Dam,,RI, 
Unnamed Dam (Secor Road Dam),Ottawa River,, 
Modoc Reservoir Dam,,OH, 
Rains Mill Dam,Little River,NC,North Carolina
Fieldsville Dam,Raritan River,NJ, 
Bognor Dam,,Ontario,Bognor, Ontario, Canada
Bruemmerville Dam,Silver Creek,WI, 
Black Mud Waste Pond A Dam,,WA, 
Jacoby Road Dam,Little Miami River,OH, 
Unnamed Blockage #2 (Diffusion Dam 3),,WA, 
McGoldrick Dam,Ashuelot River,NH, 
Lowe Creek 1 Dam,Lowe Creek,WI,Hixton, Wisconsin
South Batavia Dam,Fox River,IL,Batavia, Illinois
Rock Hill Dam,Conestoga River,PA, 
HJFD6,,CA, 
Unnamed (Right mill race) Dam,,PA, 
Shearer Dam,Calapooia River,OR,Shedd, Oregon
Marion Kihn Dam,,WI, 
Badger Pond Dam,Tioga River,NH, 
Kendrick Pond Dam,Sugar Hollow Brook,VT, 
Derby Petroleum Lake Dam,,OH, 
Harvell Dam,Appomattox River,VA, 
Wellingsly Dam #2,,MA, 
Shopiere Dam,Turtle Creek,WI,Rock Co, Wisconsin
Curry Pond Dam,,NY, 
Upper Crown Mill Dam,Ninemile Creek,NY, 
Collapsible Butler Dam,Connoquenessing Creek,PA, 
Cuddebackville Dam,Neversink River,NY, 
Diehl Dam,,NE, 
Mounds Dam,Willow River,WI,Hudson, Wisconsin
Giles White (Ontario Dam),,WI,Ontario, Wisconsin
South Fork Necanicum Diversion Dam,,OR, 
Siebert Dam,Miller Run,PA, 
Siloam Dam,Conococheague Creek,PA, 
Route 22 Dam,Jordan Creek,PA, 
Williams Dam,,OH, 
Camp Inawendiwin Lower Dam,Friendship Creek,NJ, 
Frankel Dams,Aspetuck River,CT, 
Meisers Mill Dam,Gebhard Run,PA, 
Unnamed ford,,AR, 
Shasta River Water Association Diversion Dam,Nelson Creek,CA, 
Claysville School Street No. 1 Dam,,PA, 
Kunkel Dam,Soldier Creek,ID, 
Hemlock Dam,Trout Creek,WA, 
Castle Finn Dam,Muddy Creek,PA,southeastern Pennsylvania
Marengo Dam,Marengo River,WI, 
McMillan Dam,Pecos River,NM, 
Lake Deforest Dam,,TN, 
Hamby Dam,West Birch Creek,OR, 
Pattengail Dam,Pettengill Creek,MT,Butte, Montana
Chesaning Dam,Shiawassee River,MI, 
Chase Brass Dam,Naugatuck River,CT, 
Wellington Dam,,,Wellington in central western New South Wales, Australia
Cupola Dam,East Branch Brandywine Creek,PA, 
Huigen Dam,Handsaw Creek,WI, 
Huttonville Dam,,Ontario,Huttonville, Ontario, Canada
Old Shadow Lake Dam,Turkey Creek,AL, 
Cascade Diversion Dam,Merced River,CA, 
Snavely's Mill Dam,Chiques Creek,PA, 
Moosup Dam #1,Moosup River,CT, 
Wasena Park Dam,Roanoke River,VA, 
Octoraro Dam,,MD, 
Brownsville Dam,Calapooia River,OR,Brownsville, Oregon
Unnamed Dam,Eshleman Run,PA, 
Shoreys Brook Dam,Shoreys Brook,ME, 
Mud Creek Dam,Mud Creek,MI, 
DuPont Dam,South River,VA, 
Brownville Dam,,ME, 
Two Mile Run Dam,Twomile Run,PA, 
Ashton Dam #2,Hunting Run,, 
Sennebec Dam,Saint George River,ME, 
Maple Gulch Dam,,OR,Medford, Oregon
Salt Creek Dam,Salt Creek,CA, 
Homestead Woolen Mills Dam,Ashuelot River,NH, 
Cedar Creek Weir,Cedar Creek,NJ, 
Eel River Headwaters Restoration 3,,MA, 
Savage Rapids Dam,Rogue River,OR,Grants Pass, Oregon
Clear Shade Creek Reservoir Dam,Clear Shade Creek,PA, 
Raven Rock Dam,,MD, 
Marmot Dam,Sandy River,OR,Brightwood, Oregon
Buckhorn Dam,,NC, 
Haypress Pond Dam,,CA, 
Slabtown Dam,Bark River,WI,Slabtown, Wisconsin
Cumberland Marsh Dam,,VA, 
Ellsworth No. 2 Dam,Pigeon Creek,PA, 
Manatawny Creek Dam,Manatawny Creek,PA,southeastern Pennsylvania
Anne Jackson Girl Scout Dam,,NH, 
Leonards Dam,Forked Creek,IL, 
Old City Reservoir Dam,,SC, 
Fowler Finch Dam,,NY, 
Spanglers Mill Dam,Yellow Breeches Creek,PA, 
Tucker Road Ford,,CA, 
Spitzer Dam,Millhome Creek,WI, 
Niles Dam,Alameda Creek,CA, 
Crivitz Dam,Peshtigo River,WI, 
Smethport Reservoir Dam,Blacksmith Run,PA, 
Phillipston Reservoir Dam #2,Mill Brook,MA, 
Calco Diffusion Weir Dam,Raritan River,NJ, 
Manchester Dam,Maquoketa River,IA, 
Pumping Station Dam,Dunkard Creek,PA, 
Elwha Dam,Elwha River,WA,Port Angeles, Washington
Mixel Dam,Doubling Gap Creek,PA, 
Trout Hatchery Dam,Little Lehigh Creek,PA, 
Bear Run Lower Dam,Bear Run,PA, 
Birch Run Dam,Conococheague Creek,PA, 
Wonder Lake Dam,,OH, 
Olsens Lake Dam,,IL, 
Occidental Chem Dam #6,,TN, 
Fairbanks Avenue Dam,Des Plaines River,IL, 
Veteran's Memorial Park Dam,Pigg River,VA, 
Waszkiewicz Dam,Grey Creek,MI, 
Laurel Run Reservoir Dam,Laurel Run,PA, 
Stevens Brook Dam,Stevens Brook,NH, 
Old Skinner Dam,,PA, 
Goldfield Dam,Boone River,IA, 
City of Kake Dam,,AK, 
Hopewell Mills Dam,Mill River,MA, 
Ward Paper Mill Dam,Prairie River,WI, 
Bunker Pond Dam,,NH, 
No dam (fish farm weir removed),,,Southern Brittany, France
Kohut Pond Dam,Hess Run,PA, 
Goodrich Dam,Perkiomen Creek,PA, 
Mt Joy (SICO) Dam,Little Chiques Creek,PA, 
Unnamed Dam,Beaver Creek,PA, 
Manton Millpond Dam,Manton Creek,MI, 
Wapping Road Dam,,MA, 
Kinne Brook Dam,Kinne Brook,MA, 
Hebron Dam,Bark River,WI,Fort Atkinson, Wisconsin
Boydstown Dam,Connoquenessing Creek,PA, 
Baltic Mills Dam,Shetucket River,CT, 
Ralph Stover Dam,Tohickon Creek,PA, 
Maxwell Pond Dam,Black Brook,NH, 
Waterman Dam,Pescadero Creek,CA, 
Poston Fresh Water Pond Dam,,OH, 
Crocker Creek Dam,Crocker Creek,CA, 
Monsanto Dam #3,,TN, 
Judson College Dam,Tyler Creek,IL, 
Knightly Dam,Middle River,VA, 
Sandstone Dam,Kettle River,MN,Sandstone, Minnesota
McPherrin Dam,Butte Creek,CA, 
Hoffmann Dam,Des Plaines River,IL, 
Georgetoen Freshwater Dam,,OH, 
Pool Colony Dam,,NJ, 
Charlotte City Dam,Battle Creek,MI, 
Bennet Dam,Lodgepole Creek,NE, 
Little River Dam,Little River,ME, 
Northland Dam,Flume Creek,WI, 
Right Branch Dam,Right Branch Wetmore Run,PA, 
Unnamed Remnant Dam,Salmon Brook,ME, 
Wolcott Dam,North Branch Clinton River,MI, 
Kent Park Dam,Darby Creek,PA, 
High Plains Estates,,, 
Upper Flume Dam,,MA, 
Swim Dam #2,Alameda Creek,CA, 
5th Avenue Dam,Olentangy River,OH, 
Bearcamp River Dam,Bearcamp River,NH, 
Coal Creek Dam #2,Coal Creek,PA, 
Unknown,Olds Creek,CA, 
Mission Dam,Antelope Creek,SD, 
Gravesleigh Pond Dam,,MA, 
Old Saluda Reservoir Dam,,SC, 
Minnesota Falls Dam,Minnesota River,MN, 
Baldwin Creek Dam 1,Baldwin Creek,OH, 
Johnson State Dam,,VT, 
Linen Mill Dam,Baraboo River,WI,Baraboo, WI
East Mill Creek Barrier Removal,Mill Creek,CA, 
Unnamed Upper Dam,West Branch Chester Creek,PA, 
Millpond Dam,Osceola Creek,WI, 
Fulton,Yahara River,WI,Edgerton, Wisconsin
Flandrau Dam,Cottonwood River,MN, 
Halemano 6 Reservoir,,HI, 
Pizzini Dam,Eightmile River,CT, 
Bear Rock Run Dam 2,Bear Rock Run,PA, 
Washburn Run Dam,Washburn Run,PA, 
Fredricksburg & Spotsylvania Dam #6 (Ashley Farm Pond),Ninemile Run,VA, 
North Avenue Dam,Milwaukee River,WI,Milwaukee, Wisconsin
Sandwich Game Farm Dam,,MA, 
Bayou Dupont #13 Dam,,LA, 
Sherwood Hollow Dam,,PA, 
Henry Eby Dam,,PA, 
Black Dam,Conodoguinet Creek,PA, 
Unnamed Dam,West Branch Chester Creek,PA, 
Rockdale Dam,Koshkonong Creek,WI,Rockdale, Wisconsin
Pawtuxet Falls Dam,Pawtuxet River,RI,Cranston, Rhode Island
Fink Dam,,OH, 
Gongneung Weir2,,,Kyeonggi Province, Korea
White Gulch Dam #1 (Whites Gulch Lower Dam),,CA, 
TCFD10,,CA, 
Carters Dam,,PA, 
Spread Creek Dam,,WY, 
Fredricksburg & Spotsylvania Dam #2 (Clark Farm Pond #3),Strawberry Branch,VA, 
Chandlers Dynamo Dam,Little River,NC, 
Pottersville Dam,,NJ, 
White River Mill Pond Dam,Boise Creek,WA, 
Grist Mill Dam,Souadabscook Stream,ME, 
Eel River Headwaters Restoration 2,,MA, 
Stone's Dam,Hakihokake Creek,NJ, 
Kladder Dam,,PA, 
Stroud Preserve Dam,,PA, 
Unnamed Dam #3 (Lithia Park Dam 3),Ashland Creek,OR, 
Rooney Bros Dam,Cosumnes River,CA, 
Randall Mill Dam,Chandler Brook,ME, 
Middleville Dam,,NJ, 
Champlin Pond Dam #2,Clark Brook,NH, 
New Jersey No Name # 125 Dam,Watering Race Branch,NJ, 
Amish Dam #8,Muddy Creek,PA, 
Dexter Dam,Mill Creek,MI,Dexter, Michigan
Nelson Park Dam,Alum Creek,OH, 
Mohnton Water Supply Dam,Wyomissing Creek,PA, 
Lake St. Francis Dam,Crow Creek,AR, 
Kaoshan Stream Dam 3,,,Shei-Pa National Park, Taiwan
Sykes Dam,Harrison Creek,VA, 
Snare Run Reservoir Dam,Snare Run,PA, 
Catching Dam,North Fork Middle Fork Willamette River,OR, 
Rexmont Dam #1,Hammer Creek,PA, 
Kamrath Dam,Elk Creek,WI, 
Wallace Creek Dam,Wallace Creek,MT, 
Cartwright Dam,Shell Creek,WI, 
Cove Valley Christian Camp Dam,Little Cove Creek,PA, 
Plainwell Dam #1,Kalamazoo River,MI, 
Big Brown Dam,Browns Run,PA, 
Sylvan Lake Dam,,NJ, 
Dyerville Dam,,RI, 
Sweasey Dam,Mad River,CA, 
White Rapids Brook,,New Brunswick,New Brunswick, Canada
Veazie Dam,Penobscot River,ME, 
Lafayette Locks Dam,Yamhill River,OR, 
Jordan Park Dam,Jordan Creek,PA, 
Detter's Mill Dam,Conewago Creek,PA, 
Poclain Dam,,, 
Unnamed Dam #2,Pequea Creek,PA, 
Franklin Mill Dam,Middle Creek,PA,Middleburg, Pennsylvania
Shear Dam,,OR, 
Copemish Dam,First Creek,MI, 
Eel River Headwaters Restoration 6,,MA, 
Fredricksburgh Milstead B Dam,Massaponax Creek,VA, 
Black Creek Intake Dam,Black Creek,PA, 
Cabin Hill Dam,Spring Creek,PA, 
Lower Flume Dam,,MA, 
Railroad Reservoir Dam,,TX, 
Mirror Lake Dam,Wyomissing Creek,PA, 
Sharpless Dam,Ridley Creek,PA, 
Lower Murphy Dam,,CA, 
Bowen Mill Dam,Pine River,WI,Richland Center, Wisconsin
Gold Ray Dam,Rogue River,OR,Central Point, OR
Lake Hill #2 Dam,,OH, 
Unnamed Dam (JOHN BALL RESERVOIR),,MT, 
Spence Farm Pond Dam #5,,TN, 
Mellen Dam,Bad River,WI, 
South Fork Klaskanine Dam,South Fork Klaskanine River,OR, 
Hopkinton Dam,Maquoketa River,IA, 
Spruce Pine Dam,North Toe River,NC, 
Intake Dam,Rife Run,PA, 
Glenside Dam,,NJ, 
Barr Slope Reservoir Dam,Dixon Run,PA, 
Stony Point Dam,Furnace Run,PA, 
Whittenton Dam,Mill River,MA, 
Swim Dam #1,Alameda Creek,CA, 
Lower Pond Dam,Roaring Brook,CT, 
Boone Waterworks Dam,Des Moines River,IA, 
Wellingsly Dam #3,,MA, 
Wilmot Dam,Fox River,WI, 
Unnamed Dam,Splinter Creek,WI, 
Mt. Vernon,Mount Vernon Creek,WI,Mt Horeb, Wisconsin
Ballou Dam,Yokum Brook,MA, 
Pancheri Diversion Dam,,ID, 
Mill Pond Dam,Chippewa River,MI, 
DeSantos Dam/Arnold,Brewster Creek,IL,Elgin, Illinois
Springfield Dam,,IL, 
Valsetz Dam,South Fork Siletz River,OR, 
Shades Branch Steel Ford,Shades Creek,AL, 
Mill Port Conservancy Dam,,PA, 
War Dam,Morrison Run,PA, 
Fredricksburgh & Spotsylvania Dam #3,,VA, 
Zebedee Wetland Dam,Zebedee Brook,VT, 
Kent Dam,Cuyahoga River,OH, 
Consol Pond Dam,Stillwater Creek,OH, 
Penns Creek 1,Penns Creek,PA,
Hunters Dam,Hunter Creek,WA, 
Sisters Dam Removal,,OR, 
Dufresne Dam,Batten Kill,VT, 
Piraneo Lake Dam,,NJ, 
Lane Dam,,ID, 
North Avenue Dam,Fox River,IL, 
Anaconda Dam,Naugatuck River,CT,Waterbury, Connecticut
Jenkins Road McQuade Brook Dam,McQuade Brook,NH, 
Rogers Dam,,CA, 
Millsap Reservoir Dam,Grassy Branch,TX, 
Okie Rice Dam,Little Darby Creek,OH, 
East Branch Dam,,OH, 
Dayton Dam,Sixmile Run,PA, 
William Miaski Dam,,NY, 
